{
  "method": "isotonic",
  "deployment_base": "phase1",
  "fit_source": "S_fit OOF (5-fold), applied on @phase1 scores",
  "gate": {
    "ks": 0.015698487352230894,
    "decile_deltas": [
      0.008994766871903648,
      0.0045845179972403005,
      0.0012914680271446377,
      0.0006305933573760858,
      0.0024541896178503775,
      0.0013748898231344953,
      0.0026475459274871715,
      0.008725368351294005,
      0.004077845071887687
    ],
    "max_decile_delta": 0.008994766871903648,
    "ks_threshold": 0.05,
    "decile_threshold": 0.02,
    "d_cal_mean": 0.44087920734041114,
    "d_cal_std": 0.14977045295835212,
    "d_prod_mean": 0.4450392406473628,
    "d_prod_std": 0.15008495865223478,
    "pass": true,
    "in_sample_caveat": "@phase1 is IN-SAMPLE on S_eval (trained on the full 80%), so D_prod is mildly sharpened; the gate is therefore distributional, not per-example equality."
  },
  "portable": {
    "x_thresholds": [
      0.034230491048674996,
      0.07710151569545498,
      0.07712860609763111,
      0.09389802820023542,
      0.0940478200139189,
      0.11170940326114108,
      0.11195523007714044,
      0.13038693164016232,
      0.13043166704494202,
      0.1638238733141474,
      0.1640032079826082,
      0.18012395335438866,
      0.18019668592126623,
      0.20492494955355858,
      0.20494375874901696,
      0.21562075300158942,
      0.21563004018642706,
      0.22907218283863937,
      0.22907324570694726,
      0.22959787014269076,
      0.22961099181543596,
      0.23685075101287315,
      0.2368550926461513,
      0.24641995552640739,
      0.24642160834998947,
      0.2586515655142,
      0.25866559621328244,
      0.2666402819416245,
      0.2666513717663711,
      0.29861835346002197,
      0.2986333168847755,
      0.30583405034538974,
      0.3058423592110206,
      0.32359598727408073,
      0.3236076117769139,
      0.33881705169592974,
      0.3388310597034092,
      0.3388902527866757,
      0.33889033844456995,
      0.37564086258505525,
      0.37564295619894494,
      0.3799993961126959,
      0.38000054785240595,
      0.3815308239103211,
      0.3815369898347836,
      0.4139685073193607,
      0.41397514267674723,
      0.4192181749098901,
      0.41922799675969397,
      0.421077062808185,
      0.42108220467866175,
      0.4479889395463935,
      0.4479900855017655,
      0.48610410680845806,
      0.4861071941337123,
      0.4870629083755908,
      0.4870651966791658,
      0.4899435220941384,
      0.4899445587765795,
      0.5112961348580106,
      0.5113008086006238,
      0.5348717389077369,
      0.5348847042024092,
      0.5361209848454701,
      0.5361224382468643,
      0.5539374835471753,
      0.5539604354074762,
      0.5551455983013965,
      0.5551464935238841,
      0.5739713979639983,
      0.5739744911007704,
      0.5915637181032984,
      0.5915803333256187,
      0.6250987614541256,
      0.6251004866333448,
      0.6508146384405799,
      0.6508207604406029,
      0.6513283223976709,
      0.6513422066960124,
      0.655643338281147,
      0.6556639341663482,
      0.656422251688981,
      0.656422605116581,
      0.6669874942674134,
      0.66699557631663,
      0.6816988110483847,
      0.6817000947948739,
      0.7099163167032061,
      0.7099301600435136,
      0.7100359834481159,
      0.7100624556084438,
      0.7233989553544621,
      0.7234096850556233,
      0.7411272273771357,
      0.7411297707887199,
      0.7453015767677268,
      0.7453892063469105,
      0.775715633737265,
      0.7757315119663855,
      0.7770176496668816,
      0.7770179544067575,
      0.7868983990960661,
      0.7869595791298599,
      0.8068691802225434,
      0.8068909728878155,
      0.8182625680467925,
      0.818381172114441,
      0.8266867921235479,
      0.8267713902575328,
      0.8331251641743406,
      0.8332922927384367,
      0.8579965354656621,
      0.8583794325698608,
      0.8768072636820612,
      0.8827770002610383
    ],
    "y_thresholds": [
      0.0,
      0.0,
      0.01834862385321101,
      0.01834862385321101,
      0.0196078431372549,
      0.0196078431372549,
      0.028688524590163935,
      0.028688524590163935,
      0.02975420439844761,
      0.02975420439844761,
      0.036395147313691506,
      0.036395147313691506,
      0.036478984932593175,
      0.036478984932593175,
      0.037425149700598806,
      0.037425149700598806,
      0.038183694530443756,
      0.038183694530443756,
      0.038461538461538464,
      0.038461538461538464,
      0.0423728813559322,
      0.0423728813559322,
      0.051008303677342826,
      0.051008303677342826,
      0.051215277777777776,
      0.051215277777777776,
      0.05745721271393643,
      0.05745721271393643,
      0.060589519650655024,
      0.060589519650655024,
      0.06131549609810479,
      0.06131549609810479,
      0.0658008658008658,
      0.0658008658008658,
      0.06835205992509363,
      0.06835205992509363,
      0.07142857142857142,
      0.07142857142857142,
      0.07227332457293036,
      0.07227332457293036,
      0.07480916030534351,
      0.07480916030534351,
      0.07659574468085106,
      0.07659574468085106,
      0.08235992872698475,
      0.08235992872698475,
      0.0948905109489051,
      0.0948905109489051,
      0.09900990099009903,
      0.09900990099009903,
      0.10187978649338594,
      0.10187978649338594,
      0.11068254234445749,
      0.11068254234445749,
      0.11612903225806452,
      0.11612903225806452,
      0.11920529801324502,
      0.11920529801324502,
      0.12259136212624587,
      0.12259136212624587,
      0.13148896487410633,
      0.13148896487410633,
      0.1320754716981132,
      0.1320754716981132,
      0.14371812702828002,
      0.14371812702828002,
      0.14383561643835616,
      0.14383561643835616,
      0.1550348953140578,
      0.1550348953140578,
      0.16036036036036036,
      0.16036036036036036,
      0.16935218678066424,
      0.16935218678066424,
      0.1875,
      0.1875,
      0.19444444444444445,
      0.19444444444444445,
      0.1968253968253968,
      0.1968253968253968,
      0.2,
      0.2,
      0.21879194630872484,
      0.21879194630872484,
      0.228538283062645,
      0.228538283062645,
      0.2471213463241807,
      0.2471213463241807,
      0.25,
      0.25,
      0.2654155495978553,
      0.2654155495978553,
      0.3169398907103825,
      0.3169398907103825,
      0.32432432432432434,
      0.32432432432432434,
      0.33455210237659966,
      0.33455210237659966,
      0.36666666666666664,
      0.36666666666666664,
      0.3719806763285024,
      0.3719806763285024,
      0.39473684210526316,
      0.39473684210526316,
      0.41566265060240964,
      0.41566265060240964,
      0.42857142857142855,
      0.42857142857142855,
      0.44642857142857145,
      0.44642857142857145,
      0.4697986577181208,
      0.4697986577181208,
      0.5,
      0.5,
      1.0
    ]
  },